{
"__license":"This file has been derived from Unicode Common Locale Data Repository (CLDR) files (http://cldr.unicode.org). See the copyright and permission notice in the Unicode-Data-Files-LICENSE.txt available at the same location as this file or visit http://www.unicode.org/copyright.html",
"languages":{
"aa":"afar",
"ab":"abkhaze",
"ace":"aceh",
"ach":"acoli",
"ada":"adangme",
"ady":"adyghéen",
"ae":"avestique",
"af":"afrikaans",
"afa":"langue afro-asiatique",
"afh":"afrihili",
"agq":"aghem",
"ain":"aïnou",
"ak":"akan",
"akk":"akkadien",
"ale":"aléoute",
"alg":"langue algonquienne",
"alt":"altaï du Sud",
"am":"amharique",
"an":"aragonais",
"ang":"ancien anglais",
"anp":"angika",
"apa":"langue apache",
"ar":"arabe",
"ar_001":"arabe standard moderne",
"arc":"araméen",
"arn":"araukan",
"arp":"arapaho",
"art":"langue artificielle",
"arw":"arawak",
"as":"assamais",
"asa":"assou",
"ast":"asturien",
"ath":"langue athapascane",
"aus":"langue australienne",
"av":"avar",
"awa":"awadhi",
"ay":"aymara",
"az":"azéri",
"ba":"bachkir",
"bad":"banda",
"bai":"langue bamilékée",
"bal":"baloutchi",
"ban":"balinais",
"bas":"bassa",
"bat":"langue balte",
"bax":"bamoun",
"bbj":"ghomala",
"be":"biélorusse",
"bej":"bedja",
"bem":"bemba",
"ber":"berbère",
"bez":"béna",
"bfd":"bafut",
"bg":"bulgare",
"bh":"bihari",
"bho":"bhojpuri",
"bi":"bichelamar",
"bik":"bikol",
"bin":"bini",
"bkm":"kom",
"bla":"siksika",
"bm":"bambara",
"bn":"bengali",
"bnt":"bantou",
"bo":"tibétain",
"br":"breton",
"bra":"braj",
"brx":"bodo",
"bs":"bosniaque",
"bss":"akoose",
"btk":"batak",
"bua":"bouriate",
"bug":"bugi",
"bum":"boulou",
"byn":"blin",
"byv":"medumba",
"ca":"catalan",
"cad":"caddo",
"cai":"langue amérindienne centrale",
"car":"caribe",
"cau":"langue caucasienne",
"cay":"cayuga",
"cch":"atsam",
"ce":"tchétchène",
"ceb":"cebuano",
"cel":"langue celtique",
"cgg":"kiga",
"ch":"chamorro",
"chb":"chibcha",
"chg":"tchaghataï",
"chk":"chuuk",
"chm":"mari",
"chn":"jargon chinook",
"cho":"choctaw",
"chp":"chipewyan",
"chr":"cherokee",
"chy":"cheyenne",
"ckb":"sorani",
"cmc":"langue chame",
"co":"corse",
"cop":"copte",
"cpe":"créole ou pidgin anglais",
"cpf":"créole ou pidgin français",
"cpp":"créole ou pidgin portugais",
"cr":"cree",
"crh":"turc de Crimée",
"crp":"créole ou pidgin",
"cs":"tchèque",
"csb":"kachoube",
"cu":"slavon d’église",
"cus":"langue couchitique",
"cv":"tchouvache",
"cy":"gallois",
"da":"danois",
"dak":"dakota",
"dar":"dargwa",
"dav":"taita",
"day":"dayak",
"de":"allemand",
"de_AT":"allemand autrichien",
"de_CH":"allemand suisse",
"del":"delaware",
"den":"slavey",
"dgr":"dogrib",
"din":"dinka",
"dje":"zarma",
"doi":"dogri",
"dra":"langue dravidienne",
"dsb":"bas-sorabe",
"dua":"douala",
"dum":"moyen néerlandais",
"dv":"maldivien",
"dyo":"diola-fogny",
"dyu":"dioula",
"dz":"dzongkha",
"dzg":"dazaga",
"ebu":"embou",
"ee":"éwé",
"efi":"efik",
"egy":"égyptien ancien",
"eka":"ekajuk",
"el":"grec",
"elx":"élamite",
"en":"anglais",
"en_AU":"anglais australien",
"en_CA":"anglais canadien",
"en_GB":"anglais britannique",
"en_US":"anglais américain",
"enm":"moyen anglais",
"eo":"espéranto",
"es":"espagnol",
"es_419":"espagnol latino-américain",
"es_ES":"espagnol d’Europe",
"es_MX":"espagnol mexicain",
"et":"estonien",
"eu":"basque",
"ewo":"éwondo",
"fa":"persan",
"fan":"fang",
"fat":"fanti",
"ff":"peul",
"fi":"finnois",
"fil":"filipino",
"fiu":"langue finno-ougrienne",
"fj":"fidjien",
"fo":"féroïen",
"fon":"fon",
"fr":"français",
"fr_CA":"français canadien",
"fr_CH":"français suisse",
"frm":"moyen français",
"fro":"ancien français",
"frr":"frison du Nord",
"frs":"frison oriental",
"fur":"frioulan",
"fy":"frison occidental",
"ga":"irlandais",
"gaa":"ga",
"gay":"gayo",
"gba":"gbaya",
"gd":"gaélique écossais",
"gem":"langue germanique",
"gez":"guèze",
"gil":"gilbertais",
"gl":"galicien",
"gmh":"moyen haut-allemand",
"gn":"guarani",
"goh":"ancien haut allemand",
"gon":"gondi",
"gor":"gorontalo",
"got":"gotique",
"grb":"grebo",
"grc":"grec ancien",
"gsw":"alémanique",
"gu":"gujarati",
"guz":"gusii",
"gv":"manx",
"gwi":"gwichʼin",
"ha":"haoussa",
"hai":"haida",
"haw":"hawaïen",
"he":"hébreu",
"hi":"hindi",
"hil":"hiligaynon",
"him":"himachali",
"hit":"hittite",
"hmn":"hmong",
"ho":"hiri motu",
"hr":"croate",
"hsb":"haut-sorabe",
"ht":"haïtien",
"hu":"hongrois",
"hup":"hupa",
"hy":"arménien",
"hz":"héréro",
"ia":"interlingua",
"iba":"iban",
"ibb":"ibibio",
"id":"indonésien",
"ie":"interlingue",
"ig":"igbo",
"ii":"yi de Sichuan",
"ijo":"ijo",
"ik":"inupiaq",
"ilo":"ilokano",
"inc":"langue indo-aryenne",
"ine":"langue indo-européenne",
"inh":"ingouche",
"io":"ido",
"ira":"langue iranienne",
"iro":"langue iroquoienne",
"is":"islandais",
"it":"italien",
"iu":"inuktitut",
"ja":"japonais",
"jbo":"lojban",
"jgo":"ngomba",
"jmc":"machame",
"jpr":"judéo-persan",
"jrb":"judéo-arabe",
"jv":"javanais",
"ka":"géorgien",
"kaa":"karakalpak",
"kab":"kabyle",
"kac":"kachin",
"kaj":"jju",
"kam":"kamba",
"kar":"karen",
"kaw":"kawi",
"kbd":"kabardin",
"kbl":"kanembou",
"kcg":"tyap",
"kde":"makonde",
"kea":"capverdien",
"kfo":"koro",
"kg":"kongo",
"kha":"khasi",
"khi":"langue khoïsan",
"kho":"khotanais",
"khq":"koyra chiini",
"ki":"kikuyu",
"kj":"kuanyama",
"kk":"kazakh",
"kkj":"kako",
"kl":"groenlandais",
"kln":"kalenjin",
"km":"khmer",
"kmb":"kiMboundou",
"kn":"kannada",
"ko":"coréen",
"kok":"konkani",
"kos":"kusaien",
"kpe":"kpellé",
"kr":"kanouri",
"krc":"karatchaï balkar",
"krl":"carélien",
"kro":"krou",
"kru":"kurukh",
"ks":"kashmiri",
"ksb":"chambala",
"ksf":"bafia",
"ksh":"francique ripuaire",
"ku":"kurde",
"kum":"koumyk",
"kut":"kutenai",
"kv":"komi",
"kw":"cornique",
"ky":"kirghize",
"la":"latin",
"lad":"ladino",
"lag":"langi",
"lah":"lahnda",
"lam":"lamba",
"lb":"luxembourgeois",
"lez":"lezghien",
"lg":"ganda",
"li":"limbourgeois",
"ln":"lingala",
"lo":"lao",
"lol":"mongo",
"loz":"lozi",
"lt":"lituanien",
"lu":"luba-katanga",
"lua":"luba-lulua",
"lui":"luiseno",
"lun":"lunda",
"luo":"luo",
"lus":"lushai",
"luy":"oluluyia",
"lv":"letton",
"mad":"madurais",
"maf":"mafa",
"mag":"magahi",
"mai":"maithili",
"mak":"makassar",
"man":"mandingue",
"map":"malayo-polynésien",
"mas":"masai",
"mde":"maba",
"mdf":"moksa",
"mdr":"mandar",
"men":"mendé",
"mer":"merou",
"mfe":"créole mauricien",
"mg":"malgache",
"mga":"moyen irlandais",
"mgh":"makhuwa-meetto",
"mgo":"méta'",
"mh":"marshall",
"mi":"maori",
"mic":"micmac",
"min":"minangkabau",
"mis":"langue diverse",
"mk":"macédonien",
"mkh":"langue mon-khmère",
"ml":"malayalam",
"mn":"mongol",
"mnc":"mandchou",
"mni":"manipuri",
"mno":"langue manobo",
"mo":"moldave",
"moh":"mohawk",
"mos":"moré",
"mr":"marathe",
"ms":"malais",
"mt":"maltais",
"mua":"mundang",
"mul":"multilingue",
"mun":"langue mounda",
"mus":"creek",
"mwl":"mirandais",
"mwr":"marwarî",
"my":"birman",
"mye":"myènè",
"myn":"langue maya",
"myv":"erzya",
"na":"nauruan",
"nah":"nahuatl",
"nai":"langue amérindienne du Nord",
"nap":"napolitain",
"naq":"nama",
"nb":"norvégien bokmål",
"nd":"ndébélé du Nord",
"nds":"bas-allemand",
"ne":"népalais",
"new":"newari",
"ng":"ndonga",
"nia":"nias",
"nic":"langue nigéro-congolaise",
"niu":"niué",
"nl":"néerlandais",
"nl_BE":"flamand",
"nmg":"kwasio",
"nn":"norvégien nynorsk",
"nnh":"ngiemboon",
"no":"norvégien",
"nog":"nogaï",
"non":"vieux norrois",
"nqo":"n’ko",
"nr":"ndébélé du Sud",
"nso":"sotho du Nord",
"nub":"langue nubienne",
"nus":"nuer",
"nv":"navaho",
"nwc":"newarî classique",
"ny":"nyanja",
"nym":"nyamwezi",
"nyn":"nyankolé",
"nyo":"nyoro",
"nzi":"nzema",
"oc":"occitan",
"oj":"ojibwa",
"om":"oromo",
"or":"oriya",
"os":"ossète",
"osa":"osage",
"ota":"turc ottoman",
"oto":"langue otomangue",
"pa":"pendjabi",
"paa":"langue papoue",
"pag":"pangasinan",
"pal":"pahlavi",
"pam":"pampangan",
"pap":"papiamento",
"pau":"palau",
"peo":"persan ancien",
"phi":"langue philippine",
"phn":"phénicien",
"pi":"pali",
"pl":"polonais",
"pon":"pohnpei",
"pra":"langues prâkrit",
"pro":"provençal ancien",
"ps":"pachto",
"pt":"portugais",
"pt_BR":"portugais brésilien",
"pt_PT":"portugais d’Europe",
"qu":"quechua",
"raj":"rajasthani",
"rap":"rapanui",
"rar":"rarotongien",
"rm":"romanche",
"rn":"roundi",
"ro":"roumain",
"roa":"langue romane",
"rof":"rombo",
"rom":"tzigane",
"root":"racine",
"ru":"russe",
"rup":"valaque",
"rw":"rwanda",
"rwk":"rwa",
"sa":"sanskrit",
"sad":"sandawe",
"sah":"iakoute",
"sai":"langue amérindienne du Sud",
"sal":"langue salishenne",
"sam":"araméen samaritain",
"saq":"samburu",
"sas":"sasak",
"sat":"santal",
"sba":"ngambay",
"sbp":"sangu",
"sc":"sarde",
"scn":"sicilien",
"sco":"écossais",
"sd":"sindhi",
"se":"sami du Nord",
"see":"seneca",
"seh":"sena",
"sel":"selkoupe",
"sem":"langue sémitique",
"ses":"koyraboro senni",
"sg":"sangho",
"sga":"ancien irlandais",
"sgn":"langue des signes",
"sh":"serbo-croate",
"shi":"chleuh",
"shn":"shan",
"shu":"arabe tchadien",
"si":"cinghalais",
"sid":"sidamo",
"sio":"langue sioux",
"sit":"langue sino-tibétaine",
"sk":"slovaque",
"sl":"slovène",
"sla":"langue slave",
"sm":"samoan",
"sma":"sami du Sud",
"smi":"langue samie",
"smj":"sami de Lule",
"smn":"sami d’Inari",
"sms":"sami skolt",
"sn":"shona",
"snk":"soninké",
"so":"somali",
"sog":"sogdien",
"son":"songhai",
"sq":"albanais",
"sr":"serbe",
"srn":"sranan tongo",
"srr":"sérère",
"ss":"swati",
"ssa":"langue nilo-saharienne",
"ssy":"saho",
"st":"sesotho",
"su":"soundanais",
"suk":"sukuma",
"sus":"soussou",
"sux":"sumérien",
"sv":"suédois",
"sw":"swahili",
"swb":"comorien",
"swc":"swahili du Congo",
"syc":"syriaque classique",
"syr":"syriaque",
"ta":"tamoul",
"tai":"langue taï",
"te":"télougou",
"tem":"temne",
"teo":"teso",
"ter":"tereno",
"tet":"tetum",
"tg":"tadjik",
"th":"thaï",
"ti":"tigrigna",
"tig":"tigré",
"tiv":"tiv",
"tk":"turkmène",
"tkl":"tokelau",
"tl":"tagalog",
"tlh":"klingon",
"tli":"tlingit",
"tmh":"tamacheq",
"tn":"tswana",
"to":"tonguien",
"tog":"tonga nyasa",
"tpi":"tok pisin",
"tr":"turc",
"trv":"taroko",
"ts":"tsonga",
"tsi":"tsimshian",
"tt":"tatar",
"tum":"tumbuka",
"tup":"langue tupi",
"tut":"langue altaïque",
"tvl":"tuvalu",
"tw":"twi",
"twq":"tasawaq",
"ty":"tahitien",
"tyv":"touva",
"tzm":"tamazight",
"udm":"oudmourte",
"ug":"ouïghour",
"uga":"ougaritique",
"uk":"ukrainien",
"umb":"umbundu",
"und":"langue indéterminée",
"ur":"ourdou",
"uz":"ouzbek",
"vai":"vaï",
"ve":"venda",
"vi":"vietnamien",
"vo":"volapuk",
"vot":"vote",
"vun":"vunjo",
"wa":"wallon",
"wae":"walser",
"wak":"langues wakashennes",
"wal":"walamo",
"war":"waray",
"was":"washo",
"wen":"langue sorabe",
"wo":"wolof",
"xal":"kalmouk",
"xh":"xhosa",
"xog":"soga",
"yao":"yao",
"yap":"yapois",
"yav":"yangben",
"ybb":"yemba",
"yi":"yiddish",
"yo":"yoruba",
"ypk":"langues yupik",
"yue":"cantonais",
"za":"zhuang",
"zap":"zapotèque",
"zbl":"symboles Bliss",
"zen":"zenaga",
"zgh":"amazighe standard marocain",
"zh":"chinois",
"zh_Hans":"chinois simplifié",
"zh_Hant":"chinois traditionnel",
"znd":"zandé",
"zu":"zoulou",
"zun":"zuni",
"zxx":"sans contenu linguistique",
"zza":"zazaki"
},
"scripts":{
"Afak":"afaka",
"Arab":"arabe",
"Armi":"araméen impérial",
"Armn":"arménien",
"Avst":"avestique",
"Bali":"balinais",
"Bamu":"bamoum",
"Bass":"bassa",
"Batk":"batak",
"Beng":"bengali",
"Blis":"symboles Bliss",
"Bopo":"bopomofo",
"Brah":"brâhmî",
"Brai":"braille",
"Bugi":"bouguis",
"Buhd":"bouhide",
"Cakm":"chakma",
"Cans":"syllabaire autochtone canadien unifié",
"Cari":"carien",
"Cham":"cham",
"Cher":"cherokee",
"Cirt":"cirth",
"Copt":"copte",
"Cprt":"syllabaire chypriote",
"Cyrl":"cyrillique",
"Cyrs":"cyrillique (variante slavonne)",
"Deva":"dévanâgarî",
"Dsrt":"déséret",
"Dupl":"sténographie Duployé",
"Egyd":"démotique égyptien",
"Egyh":"hiératique égyptien",
"Egyp":"hiéroglyphes égyptiens",
"Ethi":"éthiopique",
"Geok":"géorgien khoutsouri",
"Geor":"géorgien",
"Glag":"glagolitique",
"Goth":"gotique",
"Gran":"grantha",
"Grek":"grec",
"Gujr":"goudjarâtî",
"Guru":"gourmoukhî",
"Hang":"hangûl",
"Hani":"sinogrammes",
"Hano":"hanounóo",
"Hans":"simplifié",
"Hant":"traditionnel",
"Hebr":"hébreu",
"Hira":"hiragana",
"Hluw":"hiéroglyphes anatoliens",
"Hmng":"pahawh hmong",
"Hrkt":"katakana ou hiragana",
"Hung":"ancien hongrois",
"Inds":"indus",
"Ital":"ancien italique",
"Java":"javanais",
"Jpan":"japonais",
"Jurc":"jurchen",
"Kali":"kayah li",
"Kana":"katakana",
"Khar":"kharochthî",
"Khmr":"khmer",
"Khoj":"khojkî",
"Knda":"kannara",
"Kore":"coréen",
"Kpel":"kpellé",
"Kthi":"kaithî",
"Lana":"lanna",
"Laoo":"lao",
"Latf":"latin (variante brisée)",
"Latg":"latin (variante gaélique)",
"Latn":"latin",
"Lepc":"lepcha",
"Limb":"limbou",
"Lina":"linéaire A",
"Linb":"linéaire B",
"Lisu":"lisu",
"Loma":"loma",
"Lyci":"lycien",
"Lydi":"lydien",
"Mand":"mandéen",
"Mani":"manichéen",
"Maya":"hiéroglyphes mayas",
"Mend":"mendé",
"Merc":"méroïtique cursif",
"Mero":"méroïtique",
"Mlym":"malayalam",
"Mong":"mongol",
"Moon":"moon",
"Mroo":"mro",
"Mtei":"meitei mayek",
"Mymr":"birman",
"Narb":"nord-arabique",
"Nbat":"nabatéen",
"Nkgb":"nakhi géba",
"Nkoo":"n’ko",
"Nshu":"nüshu",
"Ogam":"ogam",
"Olck":"ol tchiki",
"Orkh":"orkhon",
"Orya":"oriya",
"Osma":"osmanais",
"Palm":"palmyrénien",
"Perm":"ancien permien",
"Phag":"phags pa",
"Phli":"pehlevi des inscriptions",
"Phlp":"pehlevi des psautiers",
"Phlv":"pehlevi des livres",
"Phnx":"phénicien",
"Plrd":"phonétique de Pollard",
"Prti":"parthe des inscriptions",
"Rjng":"rejang",
"Roro":"rongorongo",
"Runr":"runique",
"Samr":"samaritain",
"Sara":"sarati",
"Sarb":"sud-arabique ancien",
"Saur":"saurashtra",
"Sgnw":"écriture des signes",
"Shaw":"shavien",
"Shrd":"charada",
"Sind":"sindhî",
"Sinh":"cinghalais",
"Sora":"sora sompeng",
"Sund":"sundanais",
"Sylo":"sylotî nâgrî",
"Syrc":"syriaque",
"Syre":"syriaque estranghélo",
"Syrj":"syriaque occidental",
"Syrn":"syriaque oriental",
"Tagb":"tagbanoua",
"Takr":"tâkrî",
"Tale":"taï-le",
"Talu":"nouveau taï-lue",
"Taml":"tamoul",
"Tang":"tangoute",
"Tavt":"taï viêt",
"Telu":"télougou",
"Teng":"tengwar",
"Tfng":"tifinagh",
"Tglg":"tagal",
"Thaa":"thâna",
"Thai":"thaï",
"Tibt":"tibétain",
"Tirh":"tirhouta",
"Ugar":"ougaritique",
"Vaii":"vaï",
"Visp":"parole visible",
"Wara":"warang citi",
"Wole":"woléaï",
"Xpeo":"cunéiforme persépolitain",
"Xsux":"cunéiforme suméro-akkadien",
"Yiii":"yi",
"Zinh":"hérité",
"Zmth":"notation mathématique",
"Zsym":"symboles",
"Zxxx":"non écrit",
"Zyyy":"commun",
"Zzzz":"écriture inconnue"
},
"territories":{
"001":"Monde",
"002":"Afrique",
"003":"Amérique du Nord",
"005":"Amérique du Sud",
"009":"Océanie",
"011":"Afrique occidentale",
"013":"Amérique centrale",
"014":"Afrique orientale",
"015":"Afrique septentrionale",
"017":"Afrique centrale",
"018":"Afrique australe",
"019":"Amériques",
"021":"Amérique septentrionale",
"029":"Caraïbes",
"030":"Asie orientale",
"034":"Asie du Sud",
"035":"Asie du Sud-Est",
"039":"Europe méridionale",
"053":"Australasie",
"054":"Mélanésie",
"057":"région micronésienne",
"061":"Polynésie",
"142":"Asie",
"143":"Asie centrale",
"145":"Asie occidentale",
"150":"Europe",
"151":"Europe orientale",
"154":"Europe septentrionale",
"155":"Europe occidentale",
"419":"Amérique latine",
"AC":"Île de l’Ascension",
"AD":"Andorre",
"AE":"Émirats arabes unis",
"AF":"Afghanistan",
"AG":"Antigua-et-Barbuda",
"AI":"Anguilla",
"AL":"Albanie",
"AM":"Arménie",
"AN":"Antilles néerlandaises",
"AO":"Angola",
"AQ":"Antarctique",
"AR":"Argentine",
"AS":"Samoa américaines",
"AT":"Autriche",
"AU":"Australie",
"AW":"Aruba",
"AX":"Îles Åland",
"AZ":"Azerbaïdjan",
"BA":"Bosnie-Herzégovine",
"BB":"Barbade",
"BD":"Bangladesh",
"BE":"Belgique",
"BF":"Burkina Faso",
"BG":"Bulgarie",
"BH":"Bahreïn",
"BI":"Burundi",
"BJ":"Bénin",
"BL":"Saint-Barthélemy",
"BM":"Bermudes",
"BN":"Brunéi Darussalam",
"BO":"Bolivie",
"BQ":"Pays-Bas caribéens",
"BR":"Brésil",
"BS":"Bahamas",
"BT":"Bhoutan",
"BV":"Île Bouvet",
"BW":"Botswana",
"BY":"Biélorussie",
"BZ":"Belize",
"CA":"Canada",
"CC":"Îles Cocos (Keeling)",
"CD":"Congo-Kinshasa",
"CF":"République centrafricaine",
"CG":"Congo-Brazzaville",
"CH":"Suisse",
"CI":"Côte d’Ivoire",
"CK":"Îles Cook",
"CL":"Chili",
"CM":"Cameroun",
"CN":"Chine",
"CO":"Colombie",
"CP":"Île Clipperton",
"CR":"Costa Rica",
"CU":"Cuba",
"CV":"Cap-Vert",
"CW":"Curaçao",
"CX":"Île Christmas",
"CY":"Chypre",
"CZ":"République tchèque",
"DE":"Allemagne",
"DG":"Diego Garcia",
"DJ":"Djibouti",
"DK":"Danemark",
"DM":"Dominique",
"DO":"République dominicaine",
"DZ":"Algérie",
"EA":"Ceuta et Melilla",
"EC":"Équateur",
"EE":"Estonie",
"EG":"Égypte",
"EH":"Sahara occidental",
"ER":"Érythrée",
"ES":"Espagne",
"ET":"Éthiopie",
"EU":"Union européenne",
"FI":"Finlande",
"FJ":"Fidji",
"FK":"Îles Malouines",
"FM":"États fédérés de Micronésie",
"FO":"Îles Féroé",
"FR":"France",
"GA":"Gabon",
"GB":"Royaume-Uni",
"GD":"Grenade",
"GE":"Géorgie",
"GF":"Guyane française",
"GG":"Guernesey",
"GH":"Ghana",
"GI":"Gibraltar",
"GL":"Groenland",
"GM":"Gambie",
"GN":"Guinée",
"GP":"Guadeloupe",
"GQ":"Guinée équatoriale",
"GR":"Grèce",
"GS":"Géorgie du Sud et les Îles Sandwich du Sud",
"GT":"Guatemala",
"GU":"Guam",
"GW":"Guinée-Bissau",
"GY":"Guyana",
"HK":"R.A.S. chinoise de Hong Kong",
"HM":"Îles Heard et MacDonald",
"HN":"Honduras",
"HR":"Croatie",
"HT":"Haïti",
"HU":"Hongrie",
"IC":"Îles Canaries",
"ID":"Indonésie",
"IE":"Irlande",
"IL":"Israël",
"IM":"Île de Man",
"IN":"Inde",
"IO":"Territoire britannique de l’océan Indien",
"IQ":"Irak",
"IR":"Iran",
"IS":"Islande",
"IT":"Italie",
"JE":"Jersey",
"JM":"Jamaïque",
"JO":"Jordanie",
"JP":"Japon",
"KE":"Kenya",
"KG":"Kirghizistan",
"KH":"Cambodge",
"KI":"Kiribati",
"KM":"Comores",
"KN":"Saint-Kitts-et-Nevis",
"KP":"Corée du Nord",
"KR":"Corée du Sud",
"KW":"Koweït",
"KY":"Îles Caïmans",
"KZ":"Kazakhstan",
"LA":"Laos",
"LB":"Liban",
"LC":"Sainte-Lucie",
"LI":"Liechtenstein",
"LK":"Sri Lanka",
"LR":"Libéria",
"LS":"Lesotho",
"LT":"Lituanie",
"LU":"Luxembourg",
"LV":"Lettonie",
"LY":"Libye",
"MA":"Maroc",
"MC":"Monaco",
"MD":"Moldavie",
"ME":"Monténégro",
"MF":"Saint-Martin (partie française)",
"MG":"Madagascar",
"MH":"Îles Marshall",
"MK":"Macédoine",
"ML":"Mali",
"MM":"Myanmar",
"MN":"Mongolie",
"MO":"R.A.S. chinoise de Macao",
"MP":"Îles Mariannes du Nord",
"MQ":"Martinique",
"MR":"Mauritanie",
"MS":"Montserrat",
"MT":"Malte",
"MU":"Maurice",
"MV":"Maldives",
"MW":"Malawi",
"MX":"Mexique",
"MY":"Malaisie",
"MZ":"Mozambique",
"NA":"Namibie",
"NC":"Nouvelle-Calédonie",
"NE":"Niger",
"NF":"Île Norfolk",
"NG":"Nigéria",
"NI":"Nicaragua",
"NL":"Pays-Bas",
"NO":"Norvège",
"NP":"Népal",
"NR":"Nauru",
"NU":"Niue",
"NZ":"Nouvelle-Zélande",
"OM":"Oman",
"PA":"Panama",
"PE":"Pérou",
"PF":"Polynésie française",
"PG":"Papouasie-Nouvelle-Guinée",
"PH":"Philippines",
"PK":"Pakistan",
"PL":"Pologne",
"PM":"Saint-Pierre-et-Miquelon",
"PN":"Pitcairn",
"PR":"Porto Rico",
"PS":"Territoires palestiniens",
"PT":"Portugal",
"PW":"Palaos",
"PY":"Paraguay",
"QA":"Qatar",
"QO":"régions éloignées de l’Océanie",
"RE":"La Réunion",
"RO":"Roumanie",
"RS":"Serbie",
"RU":"Russie",
"RW":"Rwanda",
"SA":"Arabie saoudite",
"SB":"Îles Salomon",
"SC":"Seychelles",
"SD":"Soudan",
"SE":"Suède",
"SG":"Singapour",
"SH":"Sainte-Hélène",
"SI":"Slovénie",
"SJ":"Svalbard et Jan Mayen",
"SK":"Slovaquie",
"SL":"Sierra Leone",
"SM":"Saint-Marin",
"SN":"Sénégal",
"SO":"Somalie",
"SR":"Suriname",
"SS":"Soudan du Sud",
"ST":"Sao Tomé-et-Principe",
"SV":"El Salvador",
"SX":"Saint-Martin (partie néerlandaise)",
"SY":"Syrie",
"SZ":"Swaziland",
"TA":"Tristan da Cunha",
"TC":"Îles Turques-et-Caïques",
"TD":"Tchad",
"TF":"Terres australes françaises",
"TG":"Togo",
"TH":"Thaïlande",
"TJ":"Tadjikistan",
"TK":"Tokelau",
"TL":"Timor oriental",
"TM":"Turkménistan",
"TN":"Tunisie",
"TO":"Tonga",
"TR":"Turquie",
"TT":"Trinité-et-Tobago",
"TV":"Tuvalu",
"TW":"Taïwan",
"TZ":"Tanzanie",
"UA":"Ukraine",
"UG":"Ouganda",
"UM":"Îles mineures éloignées des États-Unis",
"US":"États-Unis",
"UY":"Uruguay",
"UZ":"Ouzbékistan",
"VA":"État de la Cité du Vatican",
"VC":"Saint-Vincent-et-les Grenadines",
"VE":"Venezuela",
"VG":"Îles Vierges britanniques",
"VI":"Îles Vierges des États-Unis",
"VN":"Vietnam",
"VU":"Vanuatu",
"WF":"Wallis-et-Futuna",
"WS":"Samoa",
"XK":"Kosovo",
"YE":"Yémen",
"YT":"Mayotte",
"ZA":"Afrique du Sud",
"ZM":"Zambie",
"ZW":"Zimbabwe",
"ZZ":"région indéterminée"
},
"orientation":"left-to-right",
"dateFormat-full":"EEEE d MMMM y",
"dateFormat-long":"d MMMM y",
"dateFormat-medium":"d MMM y",
"dateFormat-short":"dd/MM/y",
"timeFormat-full":"HH:mm:ss zzzz",
"timeFormat-long":"HH:mm:ss z",
"timeFormat-medium":"HH:mm:ss",
"timeFormat-short":"HH:mm",
"dateTimeFormat-full":"{1} {0}",
"dateTimeFormat-long":"{1} {0}",
"dateTimeFormat-medium":"{1} {0}",
"dateTimeFormat-short":"{1} {0}",
"intervalFormatFallback":"{0} – {1}",
"intervalFormat-d-d":"d-d",
"intervalFormat-h-a":"h a – h a",
"intervalFormat-h-h":"h – h a",
"intervalFormat-H-H":"HH – HH",
"intervalFormat-hm-a":"h:mm a – h:mm a",
"intervalFormat-hm-h":"h:mm – h:mm a",
"intervalFormat-hm-m":"h:mm – h:mm a",
"intervalFormat-Hm-H":"HH:mm – HH:mm",
"intervalFormat-Hm-m":"HH:mm – HH:mm",
"intervalFormat-hmv-a":"h:mm a – h:mm a v",
"intervalFormat-hmv-h":"h:mm – h:mm a v",
"intervalFormat-hmv-m":"h:mm – h:mm a v",
"intervalFormat-Hmv-H":"HH:mm – HH:mm v",
"intervalFormat-Hmv-m":"HH:mm – HH:mm v",
"intervalFormat-hv-a":"h a – h a v",
"intervalFormat-hv-h":"h – h a v",
"intervalFormat-Hv-H":"HH – HH v",
"intervalFormat-M-M":"M–M",
"intervalFormat-Md-d":"dd/MM – dd/MM",
"intervalFormat-Md-M":"dd/MM - dd/MM",
"intervalFormat-MEd-d":"E dd/MM - E dd/MM",
"intervalFormat-MEd-M":"E dd/MM - E dd/MM",
"intervalFormat-MMM-M":"MMM–MMM",
"intervalFormat-MMMd-d":"d–d MMM",
"intervalFormat-MMMd-M":"d MMM – d MMM",
"intervalFormat-MMMEd-d":"E d – E d MMM",
"intervalFormat-MMMEd-M":"E d MMM – E d MMM",
"intervalFormat-y-y":"y–y",
"intervalFormat-yM-M":"MM/y – MM/y",
"intervalFormat-yM-y":"M/y – M/y",
"intervalFormat-yMd-d":"d/M/y – d/M/y",
"intervalFormat-yMd-M":"d/M/y – d/M/y",
"intervalFormat-yMd-y":"dd/MM/y – dd/MM/y",
"intervalFormat-yMEd-d":"E dd/MM/y – E dd/MM/y",
"intervalFormat-yMEd-M":"E dd/MM/y – E dd/MM/y",
"intervalFormat-yMEd-y":"E dd/MM/y – E dd/MM/y",
"intervalFormat-yMMM-M":"MMM–MMM y",
"intervalFormat-yMMM-y":"MMM y – MMM y",
"intervalFormat-yMMMd-d":"d–d MMM y",
"intervalFormat-yMMMd-M":"d MMM – d MMM y",
"intervalFormat-yMMMd-y":"d MMM y – d MMM y",
"intervalFormat-yMMMEd-d":"E d – E d MMM y",
"intervalFormat-yMMMEd-M":"E d MMM – E d MMM y",
"intervalFormat-yMMMEd-y":"E d MMM y – E d MMM y",
"intervalFormat-yMMMM-M":"MMMM – MMMM y",
"intervalFormat-yMMMM-y":"MMMM y – MMMM y",
"months-format-abbreviated":[
"janv.",
"févr.",
"mars",
"avr.",
"mai",
"juin",
"juil.",
"août",
"sept.",
"oct.",
"nov.",
"déc."],
"months-format-narrow":[
"J",
"F",
"M",
"A",
"M",
"J",
"J",
"A",
"S",
"O",
"N",
"D"],
"months-format-wide":[
"janvier",
"février",
"mars",
"avril",
"mai",
"juin",
"juillet",
"août",
"septembre",
"octobre",
"novembre",
"décembre"],
"months-standAlone-abbreviated":[
"janv.",
"févr.",
"mars",
"avr.",
"mai",
"juin",
"juil.",
"août",
"sept.",
"oct.",
"nov.",
"déc."],
"months-standAlone-narrow":[
"J",
"F",
"M",
"A",
"M",
"J",
"J",
"A",
"S",
"O",
"N",
"D"],
"months-standAlone-wide":[
"janvier",
"février",
"mars",
"avril",
"mai",
"juin",
"juillet",
"août",
"septembre",
"octobre",
"novembre",
"décembre"],
"days-format-abbreviated":[
"dim.",
"lun.",
"mar.",
"mer.",
"jeu.",
"ven.",
"sam."],
"days-format-narrow":[
"D",
"L",
"M",
"M",
"J",
"V",
"S"],
"days-format-short":[
"di",
"lu",
"ma",
"me",
"je",
"ve",
"sa"],
"days-format-wide":[
"dimanche",
"lundi",
"mardi",
"mercredi",
"jeudi",
"vendredi",
"samedi"],
"days-standAlone-abbreviated":[
"dim.",
"lun.",
"mar.",
"mer.",
"jeu.",
"ven.",
"sam."],
"days-standAlone-narrow":[
"D",
"L",
"M",
"M",
"J",
"V",
"S"],
"days-standAlone-short":[
"dim.",
"lun.",
"mar.",
"mer.",
"jeu.",
"ven.",
"sam."],
"days-standAlone-wide":[
"dimanche",
"lundi",
"mardi",
"mercredi",
"jeudi",
"vendredi",
"samedi"],
"quarters-format-abbreviated":[
"T1",
"T2",
"T3",
"T4"],
"quarters-format-narrow":[
"1",
"2",
"3",
"4"],
"quarters-format-wide":[
"1er trimestre",
"2e trimestre",
"3e trimestre",
"4e trimestre"],
"quarters-standAlone-abbreviated":[
"T1",
"T2",
"T3",
"T4"],
"quarters-standAlone-narrow":[
"1",
"2",
"3",
"4"],
"quarters-standAlone-wide":[
"1er trimestre",
"2e trimestre",
"3e trimestre",
"4e trimestre"],
"dayPeriods-format-abbreviated":[
"AM",
"PM"],
"dayPeriods-format-narrow":[
"a",
"p"],
"dayPeriods-format-wide":[
"AM",
"PM"],
"dayPeriods-standAlone-abbreviated":[
"av.m.",
"ap.m."],
"dayPeriods-standAlone-narrow":[
"a",
"p"],
"dayPeriods-standAlone-wide":[
"avant-midi",
"après-midi"],
"decimalFormat":{
"standard":"#,##0.###"},
"decimalFormat-long":{
"1000-one":"0 millier",
"1000-other":"0 mille",
"10000-one":"00 millier",
"10000-other":"00 mille",
"100000-one":"000 millier",
"100000-other":"000 mille",
"1000000-one":"0 million",
"1000000-other":"0 millions",
"10000000-one":"00 million",
"10000000-other":"00 millions",
"100000000-one":"000 million",
"100000000-other":"000 millions",
"1000000000-one":"0 milliard",
"1000000000-other":"0 milliards",
"10000000000-one":"00 milliard",
"10000000000-other":"00 milliards",
"100000000000-one":"000 milliards",
"100000000000-other":"000 milliards",
"1000000000000-one":"0 billion",
"1000000000000-other":"0 billions",
"10000000000000-one":"00 billions",
"10000000000000-other":"00 billions",
"100000000000000-one":"000 billions",
"100000000000000-other":"000 billions"},
"decimalFormat-short":{
"1000-one":"0 k",
"1000-other":"0 k",
"10000-one":"00 k",
"10000-other":"00 k",
"100000-one":"000 k",
"100000-other":"000 k",
"1000000-one":"0 M",
"1000000-other":"0 M",
"10000000-one":"00 M",
"10000000-other":"00 M",
"100000000-one":"000 M",
"100000000-other":"000 M",
"1000000000-one":"0 Md",
"1000000000-other":"0 Md",
"10000000000-one":"00 Md",
"10000000000-other":"00 Md",
"100000000000-one":"000 Md",
"100000000000-other":"000 Md",
"1000000000000-one":"0 Bn",
"1000000000000-other":"0 Bn",
"10000000000000-one":"00 Bn",
"10000000000000-other":"00 Bn",
"100000000000000-one":"000 Bn",
"100000000000000-other":"000 Bn"},
"scientificFormat":{
"standard":"#E0"},
"percentFormat":{
"standard":"#,##0 %"},
"currencyFormat":{
"standard":"#,##0.00 ¤",
"accounting":"#,##0.00 ¤;(#,##0.00 ¤)"},
"symbols-latn-decimal":",",
"symbols-latn-group":" ",
"symbols-latn-list":";",
"symbols-latn-percentSign":"%",
"symbols-latn-plusSign":"+",
"symbols-latn-minusSign":"-",
"symbols-latn-exponential":"E",
"symbols-latn-superscriptingExponent":"×",
"symbols-latn-perMille":"‰",
"symbols-latn-infinity":"∞",
"symbols-latn-nan":"NaN",
"currencyDigits":{
"ADP":0,
"AFN":0,
"ALL":0,
"AMD":0,
"BHD":3,
"BIF":0,
"BYR":0,
"CAD":2,
"CHF":2,
"CLF":0,
"CLP":0,
"COP":0,
"CRC":0,
"DEFAULT":2,
"DJF":0,
"ESP":0,
"GNF":0,
"GYD":0,
"HUF":0,
"IDR":0,
"IQD":0,
"IRR":0,
"ISK":0,
"ITL":0,
"JOD":3,
"JPY":0,
"KMF":0,
"KPW":0,
"KRW":0,
"KWD":3,
"LAK":0,
"LBP":0,
"LUF":0,
"LYD":3,
"MGA":0,
"MGF":0,
"MMK":0,
"MNT":0,
"MRO":0,
"MUR":0,
"OMR":3,
"PKR":0,
"PYG":0,
"RSD":0,
"RWF":0,
"SLL":0,
"SOS":0,
"STD":0,
"SYP":0,
"TMM":0,
"TND":3,
"TRL":0,
"TZS":0,
"TWD":2,
"UGX":0,
"UZS":0,
"VND":0,
"VUV":0,
"XAF":0,
"XOF":0,
"XPF":0,
"YER":0,
"ZMK":0,
"ZWD":0
},
"currencySymbols":{
"AUD":"A$",
"BRL":"R$",
"CAD":"CA$",
"CNY":"CN¥",
"EUR":"€",
"GBP":"£",
"HKD":"HK$",
"ILS":"₪",
"INR":"₹",
"JPY":"JP¥",
"KRW":"₩",
"MXN":"MX$",
"NZD":"NZ$",
"THB":"฿",
"TWD":"NT$",
"USD":"US$",
"VND":"₫",
"XAF":"FCFA",
"XCD":"EC$",
"XOF":"CFA",
"XPF":"CFPF"
},
"weekData-minDays":4,
"weekData-firstDay":1,
"weekData-weekendStart":6,
"weekData-weekendEnd":0
}